WORK_ID,MP_NAME,HOUSE,STATE,CONSTITUENCY,CITY,WARD,BLOCK,VILLAGE,WORK_CATEGORY,WORK_DESCRIPTION,IMPLEMENTING_AUTHORITY,RECOMMENDED_DATE,IDA_APPROVAL,ALLOCATION_AMOUNT,STATUS
MPLADS-000558,Kum Agatha K Sangma,Lok Sabha,Meghalaya,TURA,Tura Municipal Board,Ward No. 10,,,Normal/Others,"WS/MP694/2023-2024/115471 - Purchase of ambulances (Four, three and two wheelers)",DEPUTY COMMISSIONER WEST GARO HILLS_IDA,2024-02-26,Approved by IDA,1800000,Ongoing
MPLADS-000559,Kum Agatha K Sangma,Lok Sabha,Meghalaya,TURA,,,Betasing,Chondonpara,Normal/Others,"NA - Construction of roads, link roads, pathways or any other road with or without drainage system",DEPUTY COMMISSIONER SOUTH WEST GARO HILLS AMPATI_IDA,2024-02-26,Action Pending,200000,Unsanctioned
MPLADS-001279,Kum Agatha K Sangma,Lok Sabha,Meghalaya,TURA,,,Rerapara,Dalupara,Normal/Others,NA - Construction of rooms and halls in school and colleges,DEPUTY COMMISSIONER SOUTH WEST GARO HILLS AMPATI_IDA,2024-02-18,Action Pending,500000,Unsanctioned
MPLADS-001280,Kum Agatha K Sangma,Lok Sabha,Meghalaya,TURA,,,Rerapara,Rerapara,Normal/Others,NA - Construction of community centers and community halls,DEPUTY COMMISSIONER SOUTH WEST GARO HILLS AMPATI_IDA,2024-02-18,Action Pending,200000,Unsanctioned
MPLADS-001281,Kum Agatha K Sangma,Lok Sabha,Meghalaya,TURA,,,Rerapara,Jaluagre,Normal/Others,NA - Construction of boundary walls of existing public and community buildings,DEPUTY COMMISSIONER SOUTH WEST GARO HILLS AMPATI_IDA,2024-02-18,Action Pending,200000,Unsanctioned
MPLADS-001282,Kum Agatha K Sangma,Lok Sabha,Meghalaya,TURA,,,Rerapara,Rerapara,Normal/Others,NA - Construction of boundary walls of existing public and community buildings,DEPUTY COMMISSIONER SOUTH WEST GARO HILLS AMPATI_IDA,2024-02-18,Action Pending,200000,Unsanctioned
MPLADS-001283,Kum Agatha K Sangma,Lok Sabha,Meghalaya,TURA,,,Rerapara,Sonamite,Normal/Others,NA - Construction of boundary walls of existing public and community buildings,DEPUTY COMMISSIONER SOUTH WEST GARO HILLS AMPATI_IDA,2024-02-18,Action Pending,200000,Unsanctioned
MPLADS-001284,Kum Agatha K Sangma,Lok Sabha,Meghalaya,TURA,,,Rerapara,Dengnakpara,Normal/Others,NA - Construction of public toilets and bathrooms,DEPUTY COMMISSIONER SOUTH WEST GARO HILLS AMPATI_IDA,2024-02-18,Action Pending,200000,Unsanctioned
MPLADS-001311,Kum Agatha K Sangma,Lok Sabha,Meghalaya,TURA,,,Betasing,Chondonpara,Normal/Others,NA - Construction of rainwater harvesting structures,DEPUTY COMMISSIONER SOUTH WEST GARO HILLS AMPATI_IDA,2024-02-18,Action Pending,200000,Unsanctioned
MPLADS-001374,Kum Agatha K Sangma,Lok Sabha,Meghalaya,TURA,,,Betasing,Godalgre,Normal/Others,NA - Construction of footpaths and pedestrian ways,DEPUTY COMMISSIONER SOUTH WEST GARO HILLS AMPATI_IDA,2024-02-18,Action Pending,200000,Unsanctioned
MPLADS-001402,Kum Agatha K Sangma,Lok Sabha,Meghalaya,TURA,,,Rerapara,Masalgre,Normal/Others,"NA - Construction of roads, link roads, pathways or any other road with or without drainage system",DEPUTY COMMISSIONER SOUTH WEST GARO HILLS AMPATI_IDA,2024-02-18,Action Pending,200000,Unsanctioned
MPLADS-001403,Kum Agatha K Sangma,Lok Sabha,Meghalaya,TURA,,,Rerapara,Rerapara,Normal/Others,NA - Development of playground,DEPUTY COMMISSIONER SOUTH WEST GARO HILLS AMPATI_IDA,2024-02-18,Action Pending,300000,Unsanctioned
MPLADS-001404,Kum Agatha K Sangma,Lok Sabha,Meghalaya,TURA,,,Rerapara,Goramara,Normal/Others,NA - Construction of culverts and bridges,DEPUTY COMMISSIONER SOUTH WEST GARO HILLS AMPATI_IDA,2024-02-18,Action Pending,200000,Unsanctioned
MPLADS-001411,Kum Agatha K Sangma,Lok Sabha,Meghalaya,TURA,,,Betasing,Ampatigri,Normal/Others,NA - Construction of boundary walls of existing public and community buildings,DEPUTY COMMISSIONER SOUTH WEST GARO HILLS AMPATI_IDA,2024-02-18,Action Pending,200000,Unsanctioned
MPLADS-001417,Kum Agatha K Sangma,Lok Sabha,Meghalaya,TURA,,,Betasing,Rongsang Songma,Normal/Others,NA - Construction of boundary walls of existing public and community buildings,DEPUTY COMMISSIONER SOUTH WEST GARO HILLS AMPATI_IDA,2024-02-18,Action Pending,300000,Unsanctioned
MPLADS-001418,Kum Agatha K Sangma,Lok Sabha,Meghalaya,TURA,,,Betasing,Chiringpara,Normal/Others,"NA - Construction of roads, link roads, pathways or any other road with or without drainage system",DEPUTY COMMISSIONER SOUTH WEST GARO HILLS AMPATI_IDA,2024-02-18,Action Pending,200000,Unsanctioned
MPLADS-001419,Kum Agatha K Sangma,Lok Sabha,Meghalaya,TURA,,,Betasing,Godalgre,Normal/Others,NA - Construction of footpaths and pedestrian ways,DEPUTY COMMISSIONER SOUTH WEST GARO HILLS AMPATI_IDA,2024-02-18,Action Pending,200000,Unsanctioned
MPLADS-001420,Kum Agatha K Sangma,Lok Sabha,Meghalaya,TURA,,,Gambegre,Rimrangpara,Normal/Others,NA - Construction of culverts and bridges,DEPUTY COMMISSIONER WEST GARO HILLS_IDA,2024-02-18,Action Pending,200000,Unsanctioned
MPLADS-001421,Kum Agatha K Sangma,Lok Sabha,Meghalaya,TURA,,,Gambegre,Dilnigre,Normal/Others,NA - Development of playground,DEPUTY COMMISSIONER WEST GARO HILLS_IDA,2024-02-18,Action Pending,200000,Unsanctioned
MPLADS-001422,Kum Agatha K Sangma,Lok Sabha,Meghalaya,TURA,,,Gambegre,Balamagre,Normal/Others,NA - Construction of culverts and bridges,DEPUTY COMMISSIONER WEST GARO HILLS_IDA,2024-02-18,Action Pending,200000,Unsanctioned
MPLADS-001423,Kum Agatha K Sangma,Lok Sabha,Meghalaya,TURA,,,Gambegre,Balamagre,Normal/Others,NA - Construction of culverts and bridges,DEPUTY COMMISSIONER WEST GARO HILLS_IDA,2024-02-18,Action Pending,200000,Unsanctioned
MPLADS-001424,Kum Agatha K Sangma,Lok Sabha,Meghalaya,TURA,,,Gambegre,Gambegre,Normal/Others,NA - Construction of culverts and bridges,DEPUTY COMMISSIONER WEST GARO HILLS_IDA,2024-02-18,Action Pending,200000,Unsanctioned
MPLADS-001425,Kum Agatha K Sangma,Lok Sabha,Meghalaya,TURA,,,Gambegre,Gambegre,Normal/Others,NA - Development of playground,DEPUTY COMMISSIONER WEST GARO HILLS_IDA,2024-02-18,Action Pending,200000,Unsanctioned
MPLADS-001426,Kum Agatha K Sangma,Lok Sabha,Meghalaya,TURA,,,Gambegre,Bolchugre,Normal/Others,NA - Development of playground,DEPUTY COMMISSIONER WEST GARO HILLS_IDA,2024-02-18,Action Pending,200000,Unsanctioned
MPLADS-001429,Kum Agatha K Sangma,Lok Sabha,Meghalaya,TURA,,,Gambegre,Gambegre,Normal/Others,NA - Construction of rooms and halls in school and colleges,DEPUTY COMMISSIONER WEST GARO HILLS_IDA,2024-02-18,Action Pending,300000,Unsanctioned
MPLADS-001438,Kum Agatha K Sangma,Lok Sabha,Meghalaya,TURA,,,Betasing,Betasing Block Hq.,Normal/Others,NA - Construction of culverts and bridges,DEPUTY COMMISSIONER SOUTH WEST GARO HILLS AMPATI_IDA,2024-02-18,Action Pending,200000,Unsanctioned
MPLADS-001439,Kum Agatha K Sangma,Lok Sabha,Meghalaya,TURA,,,Betasing,Godalgre,Normal/Others,NA - Construction of footpaths and pedestrian ways,DEPUTY COMMISSIONER SOUTH WEST GARO HILLS AMPATI_IDA,2024-02-18,Action Pending,200000,Unsanctioned
MPLADS-001440,Kum Agatha K Sangma,Lok Sabha,Meghalaya,TURA,,,Betasing,Jolgaon,Normal/Others,"NA - Construction of roads, link roads, pathways or any other road with or without drainage system",DEPUTY COMMISSIONER SOUTH WEST GARO HILLS AMPATI_IDA,2024-02-18,Action Pending,200000,Unsanctioned
MPLADS-001452,Kum Agatha K Sangma,Lok Sabha,Meghalaya,TURA,,,Gambegre,Chenggapara,Normal/Others,NA - Construction of rainwater harvesting structures,DEPUTY COMMISSIONER WEST GARO HILLS_IDA,2024-02-18,Action Pending,200000,Unsanctioned
MPLADS-001453,Kum Agatha K Sangma,Lok Sabha,Meghalaya,TURA,,,Gambegre,Darechikgre,Normal/Others,NA - Construction of footpaths and pedestrian ways,DEPUTY COMMISSIONER WEST GARO HILLS_IDA,2024-02-18,Action Pending,200000,Unsanctioned
MPLADS-001455,Kum Agatha K Sangma,Lok Sabha,Meghalaya,TURA,,,Zikzak,Zikzak,Normal/Others,NA - Construction of bus-sheds or bus-stops,DEPUTY COMMISSIONER SOUTH WEST GARO HILLS AMPATI_IDA,2024-02-18,Action Pending,200000,Unsanctioned
MPLADS-001456,Kum Agatha K Sangma,Lok Sabha,Meghalaya,TURA,,,Zikzak,Boldamsonggitalgre,Normal/Others,NA - Construction of bus-sheds or bus-stops,DEPUTY COMMISSIONER SOUTH WEST GARO HILLS AMPATI_IDA,2024-02-18,Action Pending,200000,Unsanctioned
MPLADS-001457,Kum Agatha K Sangma,Lok Sabha,Meghalaya,TURA,,,Zikzak,Chibonggre,Normal/Others,NA - Construction of footpaths and pedestrian ways,DEPUTY COMMISSIONER SOUTH WEST GARO HILLS AMPATI_IDA,2024-02-18,Action Pending,200000,Unsanctioned
MPLADS-001458,Kum Agatha K Sangma,Lok Sabha,Meghalaya,TURA,,,Zikzak,Chapahati I,Normal/Others,NA - Construction of boundary walls of existing public and community buildings,DEPUTY COMMISSIONER SOUTH WEST GARO HILLS AMPATI_IDA,2024-02-18,Action Pending,200000,Unsanctioned
MPLADS-001459,Kum Agatha K Sangma,Lok Sabha,Meghalaya,TURA,,,Zikzak,Rongkaigre,Normal/Others,NA - Construction of footpaths and pedestrian ways,DEPUTY COMMISSIONER SOUTH WEST GARO HILLS AMPATI_IDA,2024-02-18,Action Pending,200000,Unsanctioned
MPLADS-001460,Kum Agatha K Sangma,Lok Sabha,Meghalaya,TURA,,,Zikzak,Chapahati I,Normal/Others,NA - Construction of bus-sheds or bus-stops,DEPUTY COMMISSIONER SOUTH WEST GARO HILLS AMPATI_IDA,2024-02-18,Action Pending,200000,Unsanctioned
MPLADS-001461,Kum Agatha K Sangma,Lok Sabha,Meghalaya,TURA,,,Zikzak,Dinangpara,Normal/Others,NA - Construction of footpaths and pedestrian ways,DEPUTY COMMISSIONER SOUTH WEST GARO HILLS AMPATI_IDA,2024-02-18,Action Pending,200000,Unsanctioned
MPLADS-001462,Kum Agatha K Sangma,Lok Sabha,Meghalaya,TURA,,,Zikzak,Merengipara,Normal/Others,NA - Construction of bus-sheds or bus-stops,DEPUTY COMMISSIONER SOUTH WEST GARO HILLS AMPATI_IDA,2024-02-18,Action Pending,200000,Unsanctioned
MPLADS-001463,Kum Agatha K Sangma,Lok Sabha,Meghalaya,TURA,,,Zikzak,Aningpara,Normal/Others,NA - Construction of bus-sheds or bus-stops,DEPUTY COMMISSIONER SOUTH WEST GARO HILLS AMPATI_IDA,2024-02-18,Action Pending,200000,Unsanctioned
MPLADS-001464,Kum Agatha K Sangma,Lok Sabha,Meghalaya,TURA,,,Zikzak,Aruagre,Normal/Others,NA - Construction of community centers and community halls,DEPUTY COMMISSIONER SOUTH WEST GARO HILLS AMPATI_IDA,2024-02-18,Action Pending,200000,Unsanctioned
MPLADS-001465,Kum Agatha K Sangma,Lok Sabha,Meghalaya,TURA,,,Zikzak,Zikzak,Normal/Others,NA - Construction of footpaths and pedestrian ways,DEPUTY COMMISSIONER SOUTH WEST GARO HILLS AMPATI_IDA,2024-02-18,Action Pending,200000,Unsanctioned
MPLADS-001466,Kum Agatha K Sangma,Lok Sabha,Meghalaya,TURA,,,Zikzak,Banangpara,Normal/Others,NA - Construction of community centers and community halls,DEPUTY COMMISSIONER SOUTH WEST GARO HILLS AMPATI_IDA,2024-02-18,Action Pending,200000,Unsanctioned
MPLADS-001467,Kum Agatha K Sangma,Lok Sabha,Meghalaya,TURA,,,Betasing,Mokapara,Normal/Others,NA - Construction of footpaths and pedestrian ways,DEPUTY COMMISSIONER SOUTH WEST GARO HILLS AMPATI_IDA,2024-02-18,Action Pending,200000,Unsanctioned
MPLADS-001468,Kum Agatha K Sangma,Lok Sabha,Meghalaya,TURA,,,Betasing,Bainapara,Normal/Others,NA - Construction of footpaths and pedestrian ways,DEPUTY COMMISSIONER SOUTH WEST GARO HILLS AMPATI_IDA,2024-02-18,Action Pending,200000,Unsanctioned
MPLADS-001469,Kum Agatha K Sangma,Lok Sabha,Meghalaya,TURA,,,Betasing,Mokapara,Normal/Others,"NA - Construction of roads, link roads, pathways or any other road with or without drainage system",DEPUTY COMMISSIONER SOUTH WEST GARO HILLS AMPATI_IDA,2024-02-18,Action Pending,200000,Unsanctioned
MPLADS-001470,Kum Agatha K Sangma,Lok Sabha,Meghalaya,TURA,,,Betasing,Betasing Bazar,Normal/Others,"NA - Construction of roads, link roads, pathways or any other road with or without drainage system",DEPUTY COMMISSIONER SOUTH WEST GARO HILLS AMPATI_IDA,2024-02-18,Action Pending,200000,Unsanctioned
MPLADS-001471,Kum Agatha K Sangma,Lok Sabha,Meghalaya,TURA,,,Betasing,Jelbongpara,Normal/Others,NA - Construction of rainwater harvesting structures,DEPUTY COMMISSIONER SOUTH WEST GARO HILLS AMPATI_IDA,2024-02-18,Action Pending,200000,Unsanctioned
MPLADS-001472,Kum Agatha K Sangma,Lok Sabha,Meghalaya,TURA,,,Betasing,Malchapara,Normal/Others,NA - Construction of rainwater harvesting structures,DEPUTY COMMISSIONER SOUTH WEST GARO HILLS AMPATI_IDA,2024-02-18,Action Pending,200000,Unsanctioned
MPLADS-001473,Kum Agatha K Sangma,Lok Sabha,Meghalaya,TURA,,,Betasing,Godalgre,Normal/Others,NA - Construction of footpaths and pedestrian ways,DEPUTY COMMISSIONER SOUTH WEST GARO HILLS AMPATI_IDA,2024-02-18,Action Pending,200000,Unsanctioned
MPLADS-001474,Kum Agatha K Sangma,Lok Sabha,Meghalaya,TURA,,,Betasing,Watregre II,Normal/Others,NA - Construction of boundary walls of existing public and community buildings,DEPUTY COMMISSIONER SOUTH WEST GARO HILLS AMPATI_IDA,2024-02-18,Action Pending,200000,Unsanctioned
MPLADS-001475,Kum Agatha K Sangma,Lok Sabha,Meghalaya,TURA,,,Betasing,Baladinggre,Normal/Others,NA - Construction of bus-sheds or bus-stops,DEPUTY COMMISSIONER SOUTH WEST GARO HILLS AMPATI_IDA,2024-02-18,Action Pending,200000,Unsanctioned
MPLADS-001476,Kum Agatha K Sangma,Lok Sabha,Meghalaya,TURA,,,Betasing,Agalgre,Normal/Others,NA - Construction of bus-sheds or bus-stops,DEPUTY COMMISSIONER SOUTH WEST GARO HILLS AMPATI_IDA,2024-02-18,Action Pending,250000,Unsanctioned
MPLADS-001477,Kum Agatha K Sangma,Lok Sabha,Meghalaya,TURA,,,Zikzak,Zikzak,Normal/Others,NA - Construction of footpaths and pedestrian ways,DEPUTY COMMISSIONER SOUTH WEST GARO HILLS AMPATI_IDA,2024-02-18,Action Pending,200000,Unsanctioned
MPLADS-001478,Kum Agatha K Sangma,Lok Sabha,Meghalaya,TURA,,,Zikzak,Rongkaigre,Normal/Others,NA - Construction of footpaths and pedestrian ways,DEPUTY COMMISSIONER SOUTH WEST GARO HILLS AMPATI_IDA,2024-02-18,Action Pending,200000,Unsanctioned
MPLADS-001479,Kum Agatha K Sangma,Lok Sabha,Meghalaya,TURA,,,Gambegre,Rimrangpara,Normal/Others,NA - Construction of buildings for sports facilities,DEPUTY COMMISSIONER WEST GARO HILLS_IDA,2024-02-18,Action Pending,200000,Unsanctioned
MPLADS-001480,Kum Agatha K Sangma,Lok Sabha,Meghalaya,TURA,,,Zikzak,Chibonggre,Normal/Others,NA - Construction of boundary walls of existing public and community buildings,DEPUTY COMMISSIONER SOUTH WEST GARO HILLS AMPATI_IDA,2024-02-18,Action Pending,200000,Unsanctioned
MPLADS-001481,Kum Agatha K Sangma,Lok Sabha,Meghalaya,TURA,,,Gambegre,Jengchamggre,Normal/Others,NA - Construction of water tanks,DEPUTY COMMISSIONER WEST GARO HILLS_IDA,2024-02-18,Action Pending,200000,Unsanctioned
MPLADS-001482,Kum Agatha K Sangma,Lok Sabha,Meghalaya,TURA,,,Gambegre,Gambegre,Normal/Others,NA - Construction of culverts and bridges,DEPUTY COMMISSIONER WEST GARO HILLS_IDA,2024-02-18,Action Pending,200000,Unsanctioned
MPLADS-001483,Kum Agatha K Sangma,Lok Sabha,Meghalaya,TURA,,,Gambegre,Gambegre,Normal/Others,NA - Construction of culverts and bridges,DEPUTY COMMISSIONER WEST GARO HILLS_IDA,2024-02-18,Action Pending,200000,Unsanctioned
MPLADS-001484,Kum Agatha K Sangma,Lok Sabha,Meghalaya,TURA,,,Gambegre,Gambegre,Normal/Others,"NA - Construction of roads, link roads, pathways or any other road with or without drainage system",DEPUTY COMMISSIONER WEST GARO HILLS_IDA,2024-02-18,Action Pending,200000,Unsanctioned
MPLADS-001485,Kum Agatha K Sangma,Lok Sabha,Meghalaya,TURA,,,Gambegre,Gambegre,Normal/Others,NA - Construction of bus-sheds or bus-stops,DEPUTY COMMISSIONER WEST GARO HILLS_IDA,2024-02-18,Action Pending,200000,Unsanctioned
MPLADS-001486,Kum Agatha K Sangma,Lok Sabha,Meghalaya,TURA,,,Gambegre,Gambegre,Normal/Others,NA - Construction of bus-sheds or bus-stops,DEPUTY COMMISSIONER WEST GARO HILLS_IDA,2024-02-18,Action Pending,200000,Unsanctioned
MPLADS-001487,Kum Agatha K Sangma,Lok Sabha,Meghalaya,TURA,,,Gambegre,Gambegre,Normal/Others,NA - Construction of common work sheds/ common covered sitting area,DEPUTY COMMISSIONER WEST GARO HILLS_IDA,2024-02-18,Action Pending,200000,Unsanctioned
MPLADS-001488,Kum Agatha K Sangma,Lok Sabha,Meghalaya,TURA,,,Gambegre,Gambegre,Normal/Others,NA - Construction of public toilets and bathrooms,DEPUTY COMMISSIONER WEST GARO HILLS_IDA,2024-02-18,Action Pending,200000,Unsanctioned
MPLADS-001489,Kum Agatha K Sangma,Lok Sabha,Meghalaya,TURA,,,Gambegre,Balamagre,Normal/Others,NA - Construction of culverts and bridges,DEPUTY COMMISSIONER WEST GARO HILLS_IDA,2024-02-18,Action Pending,200000,Unsanctioned
MPLADS-001490,Kum Agatha K Sangma,Lok Sabha,Meghalaya,TURA,,,Gambegre,Daren Agal,Normal/Others,NA - Construction of bus-sheds or bus-stops,DEPUTY COMMISSIONER WEST GARO HILLS_IDA,2024-02-18,Action Pending,200000,Unsanctioned
MPLADS-001491,Kum Agatha K Sangma,Lok Sabha,Meghalaya,TURA,,,Gambegre,Gambegre,Normal/Others,NA - Development of playground,DEPUTY COMMISSIONER WEST GARO HILLS_IDA,2024-02-18,Action Pending,200000,Unsanctioned
MPLADS-001492,Kum Agatha K Sangma,Lok Sabha,Meghalaya,TURA,,,Gambegre,Jengchamggre,Normal/Others,NA - Construction of water tanks,DEPUTY COMMISSIONER WEST GARO HILLS_IDA,2024-02-18,Action Pending,200000,Unsanctioned
MPLADS-001493,Kum Agatha K Sangma,Lok Sabha,Meghalaya,TURA,,,Gambegre,Bolpuchiring,Normal/Others,NA - Construction of footpaths and pedestrian ways,DEPUTY COMMISSIONER WEST GARO HILLS_IDA,2024-02-18,Action Pending,200000,Unsanctioned
MPLADS-001494,Kum Agatha K Sangma,Lok Sabha,Meghalaya,TURA,,,Gambegre,Sangsanggre,Normal/Others,NA - Construction of footpaths and pedestrian ways,DEPUTY COMMISSIONER WEST GARO HILLS_IDA,2024-02-18,Action Pending,200000,Unsanctioned
MPLADS-001495,Kum Agatha K Sangma,Lok Sabha,Meghalaya,TURA,,,Gambegre,Gambegre,Normal/Others,NA - Construction of rooms and halls in school and colleges,DEPUTY COMMISSIONER WEST GARO HILLS_IDA,2024-02-18,Action Pending,300000,Unsanctioned
MPLADS-001496,Kum Agatha K Sangma,Lok Sabha,Meghalaya,TURA,,,Zikzak,Zikzak,Normal/Others,NA - Construction of boundary walls of existing public and community buildings,DEPUTY COMMISSIONER SOUTH WEST GARO HILLS AMPATI_IDA,2024-02-18,Action Pending,200000,Unsanctioned
MPLADS-001497,Kum Agatha K Sangma,Lok Sabha,Meghalaya,TURA,,,Zikzak,Aningpara,Normal/Others,NA - Construction of boundary walls of existing public and community buildings,DEPUTY COMMISSIONER SOUTH WEST GARO HILLS AMPATI_IDA,2024-02-18,Action Pending,200000,Unsanctioned
MPLADS-001498,Kum Agatha K Sangma,Lok Sabha,Meghalaya,TURA,,,Zikzak,Zikzak,Normal/Others,NA - Construction of boundary walls of existing public and community buildings,DEPUTY COMMISSIONER SOUTH WEST GARO HILLS AMPATI_IDA,2024-02-18,Action Pending,200000,Unsanctioned
MPLADS-001499,Kum Agatha K Sangma,Lok Sabha,Meghalaya,TURA,,,Zikzak,Chibonggre,Normal/Others,NA - Construction of water tanks,DEPUTY COMMISSIONER SOUTH WEST GARO HILLS AMPATI_IDA,2024-02-18,Action Pending,200000,Unsanctioned
MPLADS-001500,Kum Agatha K Sangma,Lok Sabha,Meghalaya,TURA,,,Zikzak,Chibonggre,Normal/Others,NA - Construction of boundary walls of existing public and community buildings,DEPUTY COMMISSIONER SOUTH WEST GARO HILLS AMPATI_IDA,2024-02-18,Action Pending,200000,Unsanctioned
MPLADS-001501,Kum Agatha K Sangma,Lok Sabha,Meghalaya,TURA,,,Zikzak,Kidapara,Normal/Others,NA - Construction of boundary walls of existing public and community buildings,DEPUTY COMMISSIONER SOUTH WEST GARO HILLS AMPATI_IDA,2024-02-18,Action Pending,200000,Unsanctioned
MPLADS-001507,Kum Agatha K Sangma,Lok Sabha,Meghalaya,TURA,,,Betasing,Malchapara,Normal/Others,NA - Construction of footpaths and pedestrian ways,DEPUTY COMMISSIONER SOUTH WEST GARO HILLS AMPATI_IDA,2024-02-18,Action Pending,200000,Unsanctioned
MPLADS-001517,Kum Agatha K Sangma,Lok Sabha,Meghalaya,TURA,,,Rerapara,Rerapara,Normal/Others,NA - Construction of rooms and halls in school and colleges,DEPUTY COMMISSIONER SOUTH WEST GARO HILLS AMPATI_IDA,2024-02-18,Action Pending,400000,Unsanctioned
MPLADS-001526,Kum Agatha K Sangma,Lok Sabha,Meghalaya,TURA,,,Rerapara,Rerapara,Normal/Others,NA - Construction of footpaths and pedestrian ways,DEPUTY COMMISSIONER SOUTH WEST GARO HILLS AMPATI_IDA,2024-02-18,Action Pending,200000,Unsanctioned
MPLADS-001536,Kum Agatha K Sangma,Lok Sabha,Meghalaya,TURA,,,Rerapara,Rerapara,Normal/Others,NA - Construction of culverts and bridges,DEPUTY COMMISSIONER SOUTH WEST GARO HILLS AMPATI_IDA,2024-02-18,Action Pending,200000,Unsanctioned
MPLADS-001537,Kum Agatha K Sangma,Lok Sabha,Meghalaya,TURA,,,Rerapara,Rerapara,Normal/Others,"NA - Construction of roads, link roads, pathways or any other road with or without drainage system",DEPUTY COMMISSIONER SOUTH WEST GARO HILLS AMPATI_IDA,2024-02-18,Action Pending,200000,Unsanctioned
MPLADS-001538,Kum Agatha K Sangma,Lok Sabha,Meghalaya,TURA,,,Rerapara,Rerapara,Normal/Others,NA - Development of playground,DEPUTY COMMISSIONER SOUTH WEST GARO HILLS AMPATI_IDA,2024-02-18,Action Pending,200000,Unsanctioned
MPLADS-001540,Kum Agatha K Sangma,Lok Sabha,Meghalaya,TURA,,,Betasing,Chondonpara,Normal/Others,"NA - Construction of roads, link roads, pathways or any other road with or without drainage system",DEPUTY COMMISSIONER SOUTH WEST GARO HILLS AMPATI_IDA,2024-02-18,Action Pending,200000,Unsanctioned
MPLADS-001541,Kum Agatha K Sangma,Lok Sabha,Meghalaya,TURA,,,Betasing,Baispara,Normal/Others,NA - Construction of boundary walls of existing public and community buildings,DEPUTY COMMISSIONER SOUTH WEST GARO HILLS AMPATI_IDA,2024-02-18,Action Pending,200000,Unsanctioned
MPLADS-001545,Kum Agatha K Sangma,Lok Sabha,Meghalaya,TURA,,,Rerapara,Garobadha,Normal/Others,NA - Street lights,DEPUTY COMMISSIONER SOUTH WEST GARO HILLS AMPATI_IDA,2024-02-18,Action Pending,500000,Unsanctioned
MPLADS-001551,Kum Agatha K Sangma,Lok Sabha,Meghalaya,TURA,,,Rerapara,Rerapara,Normal/Others,NA - Construction of culverts and bridges,DEPUTY COMMISSIONER SOUTH WEST GARO HILLS AMPATI_IDA,2024-02-18,Action Pending,200000,Unsanctioned
MPLADS-001572,Kum Agatha K Sangma,Lok Sabha,Meghalaya,TURA,,,Betasing,Godalgre,Normal/Others,NA - Construction of rainwater harvesting structures,DEPUTY COMMISSIONER SOUTH WEST GARO HILLS AMPATI_IDA,2024-02-18,Action Pending,250000,Unsanctioned
MPLADS-001574,Kum Agatha K Sangma,Lok Sabha,Meghalaya,TURA,,,Rerapara,Okkapara Apalgre,Normal/Others,NA - Construction of boundary walls of existing public and community buildings,DEPUTY COMMISSIONER SOUTH WEST GARO HILLS AMPATI_IDA,2024-02-18,Action Pending,200000,Unsanctioned
MPLADS-001745,Vincent H Pala,Lok Sabha,Meghalaya,SHILLONG,,,Wapung,Sutnga,Normal/Others,NA - Construction of community centers and community halls,DEPUTY COMMISSIONER EAST JAINTIA HILLS KHLIEHRIAT_IDA,2024-02-14,Action Pending,250000,Unsanctioned
MPLADS-001749,Vincent H Pala,Lok Sabha,Meghalaya,SHILLONG,,,Lumshnong,Umkiang,Normal/Others,NA - Lighting of public spaces,DEPUTY COMMISSIONER EAST JAINTIA HILLS KHLIEHRIAT_IDA,2024-02-14,Action Pending,150000,Unsanctioned
MPLADS-001752,Vincent H Pala,Lok Sabha,Meghalaya,SHILLONG,,,Saipung,Tongseng Nongkhlieh,Normal/Others,NA - Construction of community centers and community halls,DEPUTY COMMISSIONER EAST JAINTIA HILLS KHLIEHRIAT_IDA,2024-02-14,Action Pending,1000000,Unsanctioned
MPLADS-001753,Vincent H Pala,Lok Sabha,Meghalaya,SHILLONG,,,Saipung,Saipung,Normal/Others,NA - Construction of rooms and halls in school and colleges,DEPUTY COMMISSIONER EAST JAINTIA HILLS KHLIEHRIAT_IDA,2024-02-14,Action Pending,250000,Unsanctioned
MPLADS-001754,Vincent H Pala,Lok Sabha,Meghalaya,SHILLONG,,,Wapung,Sutnga,Normal/Others,NA - Construction of community centers and community halls,DEPUTY COMMISSIONER EAST JAINTIA HILLS KHLIEHRIAT_IDA,2024-02-14,Action Pending,250000,Unsanctioned
MPLADS-001755,Vincent H Pala,Lok Sabha,Meghalaya,SHILLONG,,,Saipung,Tuidam,Normal/Others,"NA - Construction of roads, link roads, pathways or any other road with or without drainage system",DEPUTY COMMISSIONER EAST JAINTIA HILLS KHLIEHRIAT_IDA,2024-02-14,Action Pending,100000,Unsanctioned
MPLADS-001756,Vincent H Pala,Lok Sabha,Meghalaya,SHILLONG,,,Saipung,Latyrke,Normal/Others,NA - Construction of community centers and community halls,DEPUTY COMMISSIONER EAST JAINTIA HILLS KHLIEHRIAT_IDA,2024-02-14,Action Pending,500000,Unsanctioned
MPLADS-001757,Vincent H Pala,Lok Sabha,Meghalaya,SHILLONG,,,Saipung,Shnongrim,Normal/Others,NA - Construction of community centers and community halls,DEPUTY COMMISSIONER EAST JAINTIA HILLS KHLIEHRIAT_IDA,2024-02-14,Action Pending,500000,Unsanctioned
MPLADS-001758,Vincent H Pala,Lok Sabha,Meghalaya,SHILLONG,,,Lumshnong,Hingaria,Normal/Others,NA - Construction of rooms and halls in school and colleges,DEPUTY COMMISSIONER EAST JAINTIA HILLS KHLIEHRIAT_IDA,2024-02-14,Action Pending,100000,Unsanctioned
MPLADS-001759,Vincent H Pala,Lok Sabha,Meghalaya,SHILLONG,,,Wapung,Mookympad,Normal/Others,NA - Construction of community centers and community halls,DEPUTY COMMISSIONER EAST JAINTIA HILLS KHLIEHRIAT_IDA,2024-02-14,Action Pending,200000,Unsanctioned
MPLADS-001760,Vincent H Pala,Lok Sabha,Meghalaya,SHILLONG,,,Wapung,Mookympad,Normal/Others,"NA - Construction of roads, link roads, pathways or any other road with or without drainage system",DEPUTY COMMISSIONER EAST JAINTIA HILLS KHLIEHRIAT_IDA,2024-02-14,Action Pending,200000,Unsanctioned
MPLADS-001761,Vincent H Pala,Lok Sabha,Meghalaya,SHILLONG,,,Wapung,Mookympad,Normal/Others,NA - Development of playground,DEPUTY COMMISSIONER EAST JAINTIA HILLS KHLIEHRIAT_IDA,2024-02-14,Action Pending,100000,Unsanctioned
MPLADS-001762,Vincent H Pala,Lok Sabha,Meghalaya,SHILLONG,,,Wapung,Moopala,Normal/Others,NA - Construction of boundary walls of existing public and community buildings,DEPUTY COMMISSIONER EAST JAINTIA HILLS KHLIEHRIAT_IDA,2024-02-14,Action Pending,250000,Unsanctioned
MPLADS-001765,Vincent H Pala,Lok Sabha,Meghalaya,SHILLONG,,,Lumshnong,Umkiang,Normal/Others,NA - Street lights,DEPUTY COMMISSIONER EAST JAINTIA HILLS KHLIEHRIAT_IDA,2024-02-14,Action Pending,150000,Unsanctioned
MPLADS-001766,Vincent H Pala,Lok Sabha,Meghalaya,SHILLONG,,,Saipung,Thuruk,Normal/Others,NA - Construction of boundary walls of existing public and community buildings,DEPUTY COMMISSIONER EAST JAINTIA HILLS KHLIEHRIAT_IDA,2024-02-14,Action Pending,50000,Unsanctioned
MPLADS-001767,Vincent H Pala,Lok Sabha,Meghalaya,SHILLONG,,,Wapung,Sutnga,Normal/Others,NA - Development of playground,DEPUTY COMMISSIONER EAST JAINTIA HILLS KHLIEHRIAT_IDA,2024-02-14,Action Pending,250000,Unsanctioned
MPLADS-001768,Vincent H Pala,Lok Sabha,Meghalaya,SHILLONG,,,Wapung,Sutnga,Normal/Others,NA - Construction of community centers and community halls,DEPUTY COMMISSIONER EAST JAINTIA HILLS KHLIEHRIAT_IDA,2024-02-14,Action Pending,250000,Unsanctioned
MPLADS-001769,Vincent H Pala,Lok Sabha,Meghalaya,SHILLONG,,,Lumshnong,Umkiang,Normal/Others,NA - Construction of rooms and halls in school and colleges,DEPUTY COMMISSIONER EAST JAINTIA HILLS KHLIEHRIAT_IDA,2024-02-14,Action Pending,350000,Unsanctioned
MPLADS-001770,Vincent H Pala,Lok Sabha,Meghalaya,SHILLONG,,,Lumshnong,Borsora,Normal/Others,"NA - Construction of roads, link roads, pathways or any other road with or without drainage system",DEPUTY COMMISSIONER EAST JAINTIA HILLS KHLIEHRIAT_IDA,2024-02-14,Action Pending,200000,Unsanctioned
MPLADS-001771,Vincent H Pala,Lok Sabha,Meghalaya,SHILLONG,,,Wapung,Sutnga,Normal/Others,NA - Construction of community centers and community halls,DEPUTY COMMISSIONER EAST JAINTIA HILLS KHLIEHRIAT_IDA,2024-02-14,Action Pending,250000,Unsanctioned
MPLADS-001772,Vincent H Pala,Lok Sabha,Meghalaya,SHILLONG,,,Wapung,Sutnga,Normal/Others,"NA - Construction of roads, link roads, pathways or any other road with or without drainage system",DEPUTY COMMISSIONER EAST JAINTIA HILLS KHLIEHRIAT_IDA,2024-02-14,Action Pending,250000,Unsanctioned
MPLADS-001773,Vincent H Pala,Lok Sabha,Meghalaya,SHILLONG,,,Wapung,Sutnga,Normal/Others,NA - Construction of community centers and community halls,DEPUTY COMMISSIONER EAST JAINTIA HILLS KHLIEHRIAT_IDA,2024-02-14,Action Pending,250000,Unsanctioned
MPLADS-001774,Vincent H Pala,Lok Sabha,Meghalaya,SHILLONG,,,Wapung,Sutnga,Normal/Others,NA - Construction of community centers and community halls,DEPUTY COMMISSIONER EAST JAINTIA HILLS KHLIEHRIAT_IDA,2024-02-14,Action Pending,250000,Unsanctioned
MPLADS-001775,Vincent H Pala,Lok Sabha,Meghalaya,SHILLONG,,,Saipung,Tlangmoi,Normal/Others,NA - Development of playground,DEPUTY COMMISSIONER EAST JAINTIA HILLS KHLIEHRIAT_IDA,2024-02-14,Action Pending,50000,Unsanctioned
MPLADS-001780,Vincent H Pala,Lok Sabha,Meghalaya,SHILLONG,,,Lumshnong,Umkiang,Normal/Others,NA - Construction of footpaths and pedestrian ways,DEPUTY COMMISSIONER EAST JAINTIA HILLS KHLIEHRIAT_IDA,2024-02-14,Action Pending,100000,Unsanctioned
MPLADS-001781,Vincent H Pala,Lok Sabha,Meghalaya,SHILLONG,,,Lumshnong,Pyrtakuna,Normal/Others,NA - Construction of footpaths and pedestrian ways,DEPUTY COMMISSIONER EAST JAINTIA HILLS KHLIEHRIAT_IDA,2024-02-14,Action Pending,150000,Unsanctioned
MPLADS-001782,Vincent H Pala,Lok Sabha,Meghalaya,SHILLONG,,,Saipung,Narwan,Normal/Others,NA - Construction of buildings for sports facilities,DEPUTY COMMISSIONER EAST JAINTIA HILLS KHLIEHRIAT_IDA,2024-02-14,Action Pending,350000,Unsanctioned
MPLADS-001877,SHRI Wanweiroy Kharlukhi,Rajya Sabha,Meghalaya,Sitting Rajya Sabha,,,Songsak,Tebil Bonegre (A),Normal/Others,NA - Development of playground,DEPUTY COMMISSIONER EAST GARO HILLS WILLIAMNAGAR_IDA,2024-02-12,Action Pending,600000,Unsanctioned
MPLADS-001878,SHRI Wanweiroy Kharlukhi,Rajya Sabha,Meghalaya,Sitting Rajya Sabha,,,Songsak,Tebil Bonegre (B),Normal/Others,NA - Construction of footpaths and pedestrian ways,DEPUTY COMMISSIONER EAST GARO HILLS WILLIAMNAGAR_IDA,2024-02-12,Action Pending,150000,Unsanctioned
MPLADS-001879,SHRI Wanweiroy Kharlukhi,Rajya Sabha,Meghalaya,Sitting Rajya Sabha,,,Songsak,Chidimit Nengsat,Normal/Others,NA - Construction of footpaths and pedestrian ways,DEPUTY COMMISSIONER EAST GARO HILLS WILLIAMNAGAR_IDA,2024-02-12,Action Pending,150000,Unsanctioned
MPLADS-001880,SHRI Wanweiroy Kharlukhi,Rajya Sabha,Meghalaya,Sitting Rajya Sabha,,,Songsak,Koksi Nengsat,Normal/Others,"NA - Construction of roads, link roads, pathways or any other road with or without drainage system",DEPUTY COMMISSIONER EAST GARO HILLS WILLIAMNAGAR_IDA,2024-02-12,Action Pending,150000,Unsanctioned
MPLADS-001881,SHRI Wanweiroy Kharlukhi,Rajya Sabha,Meghalaya,Sitting Rajya Sabha,,,Songsak,Barikgre,Normal/Others,NA - Development of playground,DEPUTY COMMISSIONER EAST GARO HILLS WILLIAMNAGAR_IDA,2024-02-12,Action Pending,100000,Unsanctioned
MPLADS-001882,SHRI Wanweiroy Kharlukhi,Rajya Sabha,Meghalaya,Sitting Rajya Sabha,,,Songsak,Songsak Megapgre,Normal/Others,NA - Development of playground,DEPUTY COMMISSIONER EAST GARO HILLS WILLIAMNAGAR_IDA,2024-02-12,Action Pending,100000,Unsanctioned
MPLADS-001883,SHRI Wanweiroy Kharlukhi,Rajya Sabha,Meghalaya,Sitting Rajya Sabha,,,Songsak,Barikgre,Normal/Others,NA - Development of playground,DEPUTY COMMISSIONER EAST GARO HILLS WILLIAMNAGAR_IDA,2024-02-12,Action Pending,100000,Unsanctioned
MPLADS-001884,SHRI Wanweiroy Kharlukhi,Rajya Sabha,Meghalaya,Sitting Rajya Sabha,,,Songsak,Dimbil Bonegre,Normal/Others,NA - Development of playground,DEPUTY COMMISSIONER EAST GARO HILLS WILLIAMNAGAR_IDA,2024-02-12,Action Pending,100000,Unsanctioned
MPLADS-001885,SHRI Wanweiroy Kharlukhi,Rajya Sabha,Meghalaya,Sitting Rajya Sabha,,,Songsak,Koksi Songma,Normal/Others,"NA - Construction of roads, link roads, pathways or any other road with or without drainage system",DEPUTY COMMISSIONER EAST GARO HILLS WILLIAMNAGAR_IDA,2024-02-12,Action Pending,100000,Unsanctioned
MPLADS-001887,SHRI Wanweiroy Kharlukhi,Rajya Sabha,Meghalaya,Sitting Rajya Sabha,,,Saipung,Moolamylliang,Normal/Others,NA - Construction of community centers and community halls,DEPUTY COMMISSIONER EAST JAINTIA HILLS KHLIEHRIAT_IDA,2024-02-12,Action Pending,1000000,Unsanctioned
MPLADS-001888,SHRI Wanweiroy Kharlukhi,Rajya Sabha,Meghalaya,Sitting Rajya Sabha,,,Baghmara,Dasanggre,Normal/Others,NA - Construction of flood control embankments,DEPUTY COMMISSIONER BAGHMARA_IDA,2024-02-12,Action Pending,1000000,Unsanctioned
MPLADS-001889,SHRI Wanweiroy Kharlukhi,Rajya Sabha,Meghalaya,Sitting Rajya Sabha,,,Mawlai,Mawkynroh Umshing,Normal/Others,NA - Construction of rooms and halls in school and colleges,DEPUTY COMMISSIONER EAST KHASI HILLS_IDA,2024-02-12,Action Pending,1000000,Unsanctioned
MPLADS-001890,SHRI Wanweiroy Kharlukhi,Rajya Sabha,Meghalaya,Sitting Rajya Sabha,,,Mawlai,Mawlai Mawiongrim,Normal/Others,NA - Construction of boundary walls of existing public and community buildings,DEPUTY COMMISSIONER EAST KHASI HILLS_IDA,2024-02-12,Action Pending,1000000,Unsanctioned
MPLADS-001891,SHRI Wanweiroy Kharlukhi,Rajya Sabha,Meghalaya,Sitting Rajya Sabha,,,Laskein,Mowkaiaw,Normal/Others,NA - Construction of rooms and halls in school and colleges,DEPUTY COMMISSIONER WEST JAINTIA HILLS JOWAI_IDA,2024-02-12,Action Pending,1000000,Unsanctioned
MPLADS-001892,SHRI Wanweiroy Kharlukhi,Rajya Sabha,Meghalaya,Sitting Rajya Sabha,Jowai,Iaw Musiang - Ward No.3,,,Normal/Others,NA - Construction of rooms and halls in school and colleges,DEPUTY COMMISSIONER WEST JAINTIA HILLS JOWAI_IDA,2024-02-12,Action Pending,1000000,Unsanctioned
MPLADS-003535,Vincent H Pala,Lok Sabha,Meghalaya,SHILLONG,,,Mawlai,Mawlai Syllaikariah,Normal/Others,NA - Construction of footpaths and pedestrian ways,DEPUTY COMMISSIONER EAST KHASI HILLS_IDA,2024-01-28,Action Pending,50000,Unsanctioned
MPLADS-003536,Vincent H Pala,Lok Sabha,Meghalaya,SHILLONG,,,Mawkynrew,Wahlakhiat,Normal/Others,NA - Construction of footpaths and pedestrian ways,DEPUTY COMMISSIONER EAST KHASI HILLS_IDA,2024-01-28,Action Pending,150000,Unsanctioned
MPLADS-003537,Vincent H Pala,Lok Sabha,Meghalaya,SHILLONG,,,Mawlai,Umsaw Mawjynrong,Normal/Others,"NA - Construction of roads, link roads, pathways or any other road with or without drainage system",DEPUTY COMMISSIONER EAST KHASI HILLS_IDA,2024-01-28,Action Pending,100000,Unsanctioned
MPLADS-003538,Vincent H Pala,Lok Sabha,Meghalaya,SHILLONG,,,Namdong,Khonsaro,Normal/Others,NA - Construction of boundary walls of existing public and community buildings,DEPUTY COMMISSIONER WEST JAINTIA HILLS JOWAI_IDA,2024-01-28,Action Pending,100000,Unsanctioned
MPLADS-003539,Vincent H Pala,Lok Sabha,Meghalaya,SHILLONG,,,Namdong,Saitsama,Normal/Others,NA - Construction of community centers and community halls,DEPUTY COMMISSIONER WEST JAINTIA HILLS JOWAI_IDA,2024-01-28,Action Pending,50000,Unsanctioned
MPLADS-003540,Vincent H Pala,Lok Sabha,Meghalaya,SHILLONG,,,Thadlaskein,Moodop,Normal/Others,NA - Construction of community centers and community halls,DEPUTY COMMISSIONER WEST JAINTIA HILLS JOWAI_IDA,2024-01-28,Action Pending,100000,Unsanctioned
MPLADS-003541,Vincent H Pala,Lok Sabha,Meghalaya,SHILLONG,,,Laskein,Saphai,Normal/Others,NA - Construction of common work sheds/ common covered sitting area,DEPUTY COMMISSIONER WEST JAINTIA HILLS JOWAI_IDA,2024-01-28,Action Pending,200000,Unsanctioned
MPLADS-003542,Vincent H Pala,Lok Sabha,Meghalaya,SHILLONG,,,Namdong,Namdong A,Normal/Others,NA - Construction of rooms and halls in school and colleges,DEPUTY COMMISSIONER WEST JAINTIA HILLS JOWAI_IDA,2024-01-28,Action Pending,500000,Unsanctioned
MPLADS-003543,Vincent H Pala,Lok Sabha,Meghalaya,SHILLONG,,,Thadlaskein,Khliehtyrshi,Normal/Others,NA - Crematoriums or structures on burial/ cremation ground for public convenience,DEPUTY COMMISSIONER WEST JAINTIA HILLS JOWAI_IDA,2024-01-28,Action Pending,500000,Unsanctioned
MPLADS-003544,Vincent H Pala,Lok Sabha,Meghalaya,SHILLONG,,,Laskein,Mukhap,Normal/Others,NA - Construction of community centers and community halls,DEPUTY COMMISSIONER WEST JAINTIA HILLS JOWAI_IDA,2024-01-28,Action Pending,1000000,Unsanctioned
MPLADS-003545,Vincent H Pala,Lok Sabha,Meghalaya,SHILLONG,,,Laskein,Shangpung Misssion,Normal/Others,NA - Construction of rooms and halls in school and colleges,DEPUTY COMMISSIONER WEST JAINTIA HILLS JOWAI_IDA,2024-01-28,Action Pending,750000,Unsanctioned
MPLADS-003546,Vincent H Pala,Lok Sabha,Meghalaya,SHILLONG,,,Mawlai,Nongkohlew,Normal/Others,NA - Construction of footpaths and pedestrian ways,DEPUTY COMMISSIONER EAST KHASI HILLS_IDA,2024-01-28,Action Pending,50000,Unsanctioned
MPLADS-003547,Vincent H Pala,Lok Sabha,Meghalaya,SHILLONG,,,Mawlai,Umshing Umjapung,Normal/Others,NA - Construction of footpaths and pedestrian ways,DEPUTY COMMISSIONER EAST KHASI HILLS_IDA,2024-01-28,Action Pending,50000,Unsanctioned
MPLADS-003548,Vincent H Pala,Lok Sabha,Meghalaya,SHILLONG,,,Mawlai,Mawlai Kynton Massar,Normal/Others,"NA - Construction of roads, link roads, pathways or any other road with or without drainage system",DEPUTY COMMISSIONER EAST KHASI HILLS_IDA,2024-01-28,Action Pending,100000,Unsanctioned
MPLADS-003549,Vincent H Pala,Lok Sabha,Meghalaya,SHILLONG,,,Mawlai,Mawlai Iewrynghep,Normal/Others,NA - Construction of footpaths and pedestrian ways,DEPUTY COMMISSIONER EAST KHASI HILLS_IDA,2024-01-28,Action Pending,100000,Unsanctioned
MPLADS-003550,Vincent H Pala,Lok Sabha,Meghalaya,SHILLONG,,,Mawlai,Mawsiat Khnam,Normal/Others,NA - Construction of footpaths and pedestrian ways,DEPUTY COMMISSIONER EAST KHASI HILLS_IDA,2024-01-28,Action Pending,50000,Unsanctioned
MPLADS-003551,Vincent H Pala,Lok Sabha,Meghalaya,SHILLONG,,,Mawlai,Mawlai Nongpdeng,Normal/Others,NA - Construction of footpaths and pedestrian ways,DEPUTY COMMISSIONER EAST KHASI HILLS_IDA,2024-01-28,Action Pending,50000,Unsanctioned
MPLADS-003552,Vincent H Pala,Lok Sabha,Meghalaya,SHILLONG,,,Namdong,Umshangiar,Normal/Others,NA - Construction of boundary walls of existing public and community buildings,DEPUTY COMMISSIONER WEST JAINTIA HILLS JOWAI_IDA,2024-01-28,Action Pending,100000,Unsanctioned
MPLADS-003553,Vincent H Pala,Lok Sabha,Meghalaya,SHILLONG,,,Mawlai,Madan Mawkhar,Normal/Others,NA - Construction of boundary walls of existing public and community buildings,DEPUTY COMMISSIONER EAST KHASI HILLS_IDA,2024-01-28,Action Pending,50000,Unsanctioned
MPLADS-003554,Vincent H Pala,Lok Sabha,Meghalaya,SHILLONG,,,Mawlai,Mawlai Phudmuri,Normal/Others,NA - Construction of culverts and bridges,DEPUTY COMMISSIONER EAST KHASI HILLS_IDA,2024-01-28,Action Pending,50000,Unsanctioned
MPLADS-003555,Vincent H Pala,Lok Sabha,Meghalaya,SHILLONG,,,Mawlai,Umrynjah,Normal/Others,NA - Construction of footpaths and pedestrian ways,DEPUTY COMMISSIONER EAST KHASI HILLS_IDA,2024-01-28,Action Pending,50000,Unsanctioned
MPLADS-003556,Vincent H Pala,Lok Sabha,Meghalaya,SHILLONG,,,Mawlai,Mawlai Mawiongrim,Normal/Others,NA - Construction of footpaths and pedestrian ways,DEPUTY COMMISSIONER EAST KHASI HILLS_IDA,2024-01-28,Action Pending,50000,Unsanctioned
MPLADS-003557,Vincent H Pala,Lok Sabha,Meghalaya,SHILLONG,,,Mawlai,Mawlai Motsyiar,Normal/Others,NA - Providing drains and gutters for public drainage,DEPUTY COMMISSIONER EAST KHASI HILLS_IDA,2024-01-28,Action Pending,50000,Unsanctioned
MPLADS-003558,Vincent H Pala,Lok Sabha,Meghalaya,SHILLONG,,,Mawlai,Mawlai Mawiong Umjapung,Normal/Others,NA - Construction of footpaths and pedestrian ways,DEPUTY COMMISSIONER EAST KHASI HILLS_IDA,2024-01-28,Action Pending,50000,Unsanctioned
MPLADS-003559,Vincent H Pala,Lok Sabha,Meghalaya,SHILLONG,,,Mawlai,Mawlai Nonglum,Normal/Others,NA - Construction of footpaths and pedestrian ways,DEPUTY COMMISSIONER EAST KHASI HILLS_IDA,2024-01-28,Action Pending,50000,Unsanctioned
MPLADS-003560,Vincent H Pala,Lok Sabha,Meghalaya,SHILLONG,,,Mawlai,Umphrew,Normal/Others,NA - Construction of footpaths and pedestrian ways,DEPUTY COMMISSIONER EAST KHASI HILLS_IDA,2024-01-28,Action Pending,50000,Unsanctioned
MPLADS-003561,Vincent H Pala,Lok Sabha,Meghalaya,SHILLONG,,,Mawlai,Mawlai Umjaiur,Normal/Others,NA - Installing community drinking water plants,DEPUTY COMMISSIONER EAST KHASI HILLS_IDA,2024-01-28,Action Pending,50000,Unsanctioned
MPLADS-003562,Vincent H Pala,Lok Sabha,Meghalaya,SHILLONG,,,Mawlai,Mawlai (Ct),Normal/Others,NA - Construction of footpaths and pedestrian ways,DEPUTY COMMISSIONER EAST KHASI HILLS_IDA,2024-01-28,Action Pending,50000,Unsanctioned
MPLADS-003563,Vincent H Pala,Lok Sabha,Meghalaya,SHILLONG,,,Mawlai,Mawlai (Ct),Normal/Others,NA - Construction of footpaths and pedestrian ways,DEPUTY COMMISSIONER EAST KHASI HILLS_IDA,2024-01-28,Action Pending,50000,Unsanctioned
MPLADS-003564,Vincent H Pala,Lok Sabha,Meghalaya,SHILLONG,,,Mawlai,Mawlai Umjajew,Normal/Others,NA - Construction of footpaths and pedestrian ways,DEPUTY COMMISSIONER EAST KHASI HILLS_IDA,2024-01-28,Action Pending,50000,Unsanctioned
MPLADS-003565,Vincent H Pala,Lok Sabha,Meghalaya,SHILLONG,,,Mawlai,Mawlai Nongkwar,Normal/Others,NA - Construction of footpaths and pedestrian ways,DEPUTY COMMISSIONER EAST KHASI HILLS_IDA,2024-01-28,Action Pending,50000,Unsanctioned
MPLADS-003566,Vincent H Pala,Lok Sabha,Meghalaya,SHILLONG,,,Thadlaskein,Mynsngat,Normal/Others,NA - Development of playfields and sports grounds,DEPUTY COMMISSIONER WEST JAINTIA HILLS JOWAI_IDA,2024-01-28,Action Pending,50000,Unsanctioned
MPLADS-003567,Vincent H Pala,Lok Sabha,Meghalaya,SHILLONG,,,Thadlaskein,Moodymmai,Normal/Others,NA - Construction of community centers and community halls,DEPUTY COMMISSIONER WEST JAINTIA HILLS JOWAI_IDA,2024-01-28,Action Pending,100000,Unsanctioned
MPLADS-003569,Vincent H Pala,Lok Sabha,Meghalaya,SHILLONG,,,Laskein,Mowkaiaw,Normal/Others,NA - Construction of boundary walls of existing public and community buildings,DEPUTY COMMISSIONER WEST JAINTIA HILLS JOWAI_IDA,2024-01-28,Action Pending,200000,Unsanctioned
MPLADS-003576,Vincent H Pala,Lok Sabha,Meghalaya,SHILLONG,,,Saipung,Saipung,Normal/Others,NA - Construction of rooms and halls in school and colleges,DEPUTY COMMISSIONER EAST JAINTIA HILLS KHLIEHRIAT_IDA,2024-01-28,Action Pending,100000,Unsanctioned
MPLADS-003577,Vincent H Pala,Lok Sabha,Meghalaya,SHILLONG,,,Saipung,Lura,Normal/Others,NA - Construction of boundary walls of existing public and community buildings,DEPUTY COMMISSIONER EAST JAINTIA HILLS KHLIEHRIAT_IDA,2024-01-28,Action Pending,100000,Unsanctioned
MPLADS-003578,Vincent H Pala,Lok Sabha,Meghalaya,SHILLONG,,,Saipung,Ngaibang,Normal/Others,NA - Construction of community centers and community halls,DEPUTY COMMISSIONER EAST JAINTIA HILLS KHLIEHRIAT_IDA,2024-01-28,Action Pending,100000,Unsanctioned
MPLADS-003579,Vincent H Pala,Lok Sabha,Meghalaya,SHILLONG,,,Saipung,Mualcheng,Normal/Others,NA - Construction of foot over bridge (FOB),DEPUTY COMMISSIONER EAST JAINTIA HILLS KHLIEHRIAT_IDA,2024-01-28,Action Pending,100000,Unsanctioned
MPLADS-003580,Vincent H Pala,Lok Sabha,Meghalaya,SHILLONG,,,Saipung,Kulpui,Normal/Others,NA - Development of playground,DEPUTY COMMISSIONER EAST JAINTIA HILLS KHLIEHRIAT_IDA,2024-01-28,Action Pending,50000,Unsanctioned
MPLADS-003581,Vincent H Pala,Lok Sabha,Meghalaya,SHILLONG,,,Saipung,Muallian,Normal/Others,NA - Construction of community centers and community halls,DEPUTY COMMISSIONER EAST JAINTIA HILLS KHLIEHRIAT_IDA,2024-01-28,Action Pending,100000,Unsanctioned
MPLADS-003582,Vincent H Pala,Lok Sabha,Meghalaya,SHILLONG,,,Laskein,Mowkaiaw,Normal/Others,NA - Construction of rooms and halls in school and colleges,DEPUTY COMMISSIONER WEST JAINTIA HILLS JOWAI_IDA,2024-01-28,Action Pending,200000,Unsanctioned
MPLADS-003583,Vincent H Pala,Lok Sabha,Meghalaya,SHILLONG,,,Laskein,Kyndongtuber,Normal/Others,NA - Construction of community centers and community halls,DEPUTY COMMISSIONER WEST JAINTIA HILLS JOWAI_IDA,2024-01-28,Action Pending,500000,Unsanctioned
MPLADS-003584,Vincent H Pala,Lok Sabha,Meghalaya,SHILLONG,,,Thadlaskein,Nartiang,Normal/Others,NA - Construction of rooms and halls in school and colleges,DEPUTY COMMISSIONER WEST JAINTIA HILLS JOWAI_IDA,2024-01-28,Action Pending,100000,Unsanctioned
MPLADS-003585,Vincent H Pala,Lok Sabha,Meghalaya,SHILLONG,,,Laskein,Pasyih,Normal/Others,NA - Construction of boundary walls of existing public and community buildings,DEPUTY COMMISSIONER WEST JAINTIA HILLS JOWAI_IDA,2024-01-28,Action Pending,100000,Unsanctioned
MPLADS-003586,Vincent H Pala,Lok Sabha,Meghalaya,SHILLONG,,,Thadlaskein,Nongjngi,Normal/Others,NA - Development of playground,DEPUTY COMMISSIONER WEST JAINTIA HILLS JOWAI_IDA,2024-01-28,Action Pending,150000,Unsanctioned
MPLADS-003587,Vincent H Pala,Lok Sabha,Meghalaya,SHILLONG,,,Laskein,Iooksi,Normal/Others,NA - Construction of rooms and halls in school and colleges,DEPUTY COMMISSIONER WEST JAINTIA HILLS JOWAI_IDA,2024-01-28,Action Pending,300000,Unsanctioned
MPLADS-003588,Vincent H Pala,Lok Sabha,Meghalaya,SHILLONG,,,Laskein,Laskein,Normal/Others,NA - Construction of community centers and community halls,DEPUTY COMMISSIONER WEST JAINTIA HILLS JOWAI_IDA,2024-01-28,Action Pending,150000,Unsanctioned
MPLADS-003589,Vincent H Pala,Lok Sabha,Meghalaya,SHILLONG,,,Namdong,Mootyrshiah B,Normal/Others,NA - Construction of rooms and halls in school and colleges,DEPUTY COMMISSIONER WEST JAINTIA HILLS JOWAI_IDA,2024-01-28,Action Pending,150000,Unsanctioned
MPLADS-003590,Vincent H Pala,Lok Sabha,Meghalaya,SHILLONG,,,Laskein,Umsalait,Normal/Others,NA - Installing community drinking water plants,DEPUTY COMMISSIONER WEST JAINTIA HILLS JOWAI_IDA,2024-01-28,Action Pending,100000,Unsanctioned
MPLADS-003591,Vincent H Pala,Lok Sabha,Meghalaya,SHILLONG,,,Laskein,Mooshroot,Normal/Others,NA - Construction of toilet blocks,DEPUTY COMMISSIONER WEST JAINTIA HILLS JOWAI_IDA,2024-01-28,Action Pending,100000,Unsanctioned
MPLADS-003592,Vincent H Pala,Lok Sabha,Meghalaya,SHILLONG,,,Laskein,Mynksan,Normal/Others,NA - Construction of boundary walls of existing public and community buildings,DEPUTY COMMISSIONER WEST JAINTIA HILLS JOWAI_IDA,2024-01-28,Action Pending,100000,Unsanctioned
MPLADS-003593,Vincent H Pala,Lok Sabha,Meghalaya,SHILLONG,,,Namdong,Khanduli,Normal/Others,NA - Construction of rooms and halls in school and colleges,DEPUTY COMMISSIONER WEST JAINTIA HILLS JOWAI_IDA,2024-01-28,Action Pending,100000,Unsanctioned
MPLADS-003594,Vincent H Pala,Lok Sabha,Meghalaya,SHILLONG,,,Laskein,Moobakhon,Normal/Others,NA - Construction of community centers and community halls,DEPUTY COMMISSIONER WEST JAINTIA HILLS JOWAI_IDA,2024-01-28,Action Pending,100000,Unsanctioned
MPLADS-003595,Vincent H Pala,Lok Sabha,Meghalaya,SHILLONG,,,Laskein,Saitsama,Normal/Others,NA - Construction of community centers and community halls,DEPUTY COMMISSIONER WEST JAINTIA HILLS JOWAI_IDA,2024-01-28,Action Pending,100000,Unsanctioned
MPLADS-003596,Vincent H Pala,Lok Sabha,Meghalaya,SHILLONG,,,Thadlaskein,Umladang,Normal/Others,NA - Construction of community centers and community halls,DEPUTY COMMISSIONER WEST JAINTIA HILLS JOWAI_IDA,2024-01-28,Action Pending,50000,Unsanctioned
MPLADS-003597,Vincent H Pala,Lok Sabha,Meghalaya,SHILLONG,,,Thadlaskein,Nartiang,Normal/Others,NA - Construction of rooms and halls in school and colleges,DEPUTY COMMISSIONER WEST JAINTIA HILLS JOWAI_IDA,2024-01-28,Action Pending,50000,Unsanctioned
MPLADS-003955,Vincent H Pala,Lok Sabha,Meghalaya,SHILLONG,,,Wapung,Moolamanoh,Repair and Renovation,NA - Construction of community centers and community halls,DEPUTY COMMISSIONER EAST JAINTIA HILLS KHLIEHRIAT_IDA,2024-01-26,Action Pending,400000,Unsanctioned
MPLADS-003956,Vincent H Pala,Lok Sabha,Meghalaya,SHILLONG,Shillong,2,,,Normal/Others,NA - Construction of community centers and community halls,DEPUTY COMMISSIONER EAST KHASI HILLS_IDA,2024-01-26,Action Pending,500000,Unsanctioned
MPLADS-003957,Vincent H Pala,Lok Sabha,Meghalaya,SHILLONG,,,Saipung,Lelad,Normal/Others,NA - Development of playground,DEPUTY COMMISSIONER EAST JAINTIA HILLS KHLIEHRIAT_IDA,2024-01-26,Action Pending,300000,Unsanctioned
MPLADS-003958,Vincent H Pala,Lok Sabha,Meghalaya,SHILLONG,,,Saipung,Sakwa,Normal/Others,NA - Development of playground,DEPUTY COMMISSIONER EAST JAINTIA HILLS KHLIEHRIAT_IDA,2024-01-26,Action Pending,100000,Unsanctioned
MPLADS-003961,Vincent H Pala,Lok Sabha,Meghalaya,SHILLONG,,,Saipung,Tangnub,Normal/Others,NA - Development of playground,DEPUTY COMMISSIONER EAST JAINTIA HILLS KHLIEHRIAT_IDA,2024-01-26,Action Pending,300000,Unsanctioned
MPLADS-003962,Vincent H Pala,Lok Sabha,Meghalaya,SHILLONG,,,Lumshnong,Kuliang,Normal/Others,NA - Construction of rooms and halls in school and colleges,DEPUTY COMMISSIONER EAST JAINTIA HILLS KHLIEHRIAT_IDA,2024-01-26,Action Pending,400000,Unsanctioned
MPLADS-003989,Vincent H Pala,Lok Sabha,Meghalaya,SHILLONG,,,Mawryngkneng,Siejiong,Normal/Others,NA - Construction of additional rooms and halls in the existing public and community building,DEPUTY COMMISSIONER EAST KHASI HILLS_IDA,2024-01-25,Action Pending,200000,Unsanctioned
MPLADS-003990,Vincent H Pala,Lok Sabha,Meghalaya,SHILLONG,,,Sohiong,Pdengshnong Lyngkhoi,Normal/Others,NA - Construction of common work sheds/ common covered sitting area,DEPUTY COMMISSIONER EAST KHASI HILLS_IDA,2024-01-25,Action Pending,100000,Unsanctioned
MPLADS-003991,Vincent H Pala,Lok Sabha,Meghalaya,SHILLONG,,,Wapung,Jalyiah,Normal/Others,NA - Construction of community centers and community halls,DEPUTY COMMISSIONER EAST JAINTIA HILLS KHLIEHRIAT_IDA,2024-01-25,Action Pending,200000,Unsanctioned
MPLADS-003992,Vincent H Pala,Lok Sabha,Meghalaya,SHILLONG,,,Wapung,Jalyiah,Normal/Others,NA - Construction of rooms and halls in school and colleges,DEPUTY COMMISSIONER EAST JAINTIA HILLS KHLIEHRIAT_IDA,2024-01-25,Action Pending,200000,Unsanctioned
MPLADS-003993,Vincent H Pala,Lok Sabha,Meghalaya,SHILLONG,,,Mawphlang,Mission Mawphlang,Normal/Others,NA - Construction of rooms and halls in school and colleges,DEPUTY COMMISSIONER EAST KHASI HILLS_IDA,2024-01-25,Action Pending,1500000,Unsanctioned
MPLADS-003994,Vincent H Pala,Lok Sabha,Meghalaya,SHILLONG,,,Saipung,Jalaphet Bri-Sutnga,Normal/Others,NA - Development of playfields and sports grounds,DEPUTY COMMISSIONER EAST JAINTIA HILLS KHLIEHRIAT_IDA,2024-01-25,Action Pending,300000,Unsanctioned
MPLADS-004036,Vincent H Pala,Lok Sabha,Meghalaya,SHILLONG,Mairang,1,,,Normal/Others,NA - Construction of rooms and halls in school and colleges,DEPUTY COMMISSIONER WEST KHASI HILLS NONGSTOIN_IDA,2024-01-25,Action Pending,400000,Unsanctioned
MPLADS-004052,Vincent H Pala,Lok Sabha,Meghalaya,SHILLONG,,,Saipung,Jalaphet Bri-Sumer,Normal/Others,NA - Construction of community centers and community halls,DEPUTY COMMISSIONER EAST JAINTIA HILLS KHLIEHRIAT_IDA,2024-01-25,Action Pending,200000,Unsanctioned
MPLADS-004053,Vincent H Pala,Lok Sabha,Meghalaya,SHILLONG,,,Mawryngkneng,Lumkseh,Normal/Others,NA - Construction of additional rooms and halls in the existing public and community building,DEPUTY COMMISSIONER EAST KHASI HILLS_IDA,2024-01-25,Action Pending,200000,Unsanctioned
MPLADS-004062,Vincent H Pala,Lok Sabha,Meghalaya,SHILLONG,,,Wapung,Wapung Skur,Normal/Others,NA - Construction of community centers and community halls,DEPUTY COMMISSIONER EAST JAINTIA HILLS KHLIEHRIAT_IDA,2024-01-25,Action Pending,500000,Unsanctioned
MPLADS-004063,Vincent H Pala,Lok Sabha,Meghalaya,SHILLONG,,,Wapung,Wapung Skur,Normal/Others,NA - Development of playground,DEPUTY COMMISSIONER EAST JAINTIA HILLS KHLIEHRIAT_IDA,2024-01-25,Action Pending,500000,Unsanctioned
MPLADS-004073,Vincent H Pala,Lok Sabha,Meghalaya,SHILLONG,,,Saipung,Jalaphet Bri-Sutnga,Normal/Others,NA - Construction of community centers and community halls,DEPUTY COMMISSIONER EAST JAINTIA HILLS KHLIEHRIAT_IDA,2024-01-25,Action Pending,200000,Unsanctioned
MPLADS-004100,Vincent H Pala,Lok Sabha,Meghalaya,SHILLONG,,,Saipung,Jalaphet Bri-Sutnga,Normal/Others,NA - Providing drains and gutters for public drainage,DEPUTY COMMISSIONER EAST JAINTIA HILLS KHLIEHRIAT_IDA,2024-01-25,Action Pending,200000,Unsanctioned
MPLADS-004101,Vincent H Pala,Lok Sabha,Meghalaya,SHILLONG,,,Saipung,Jalaphet Bri-Sutnga,Normal/Others,NA - Development of playground,DEPUTY COMMISSIONER EAST JAINTIA HILLS KHLIEHRIAT_IDA,2024-01-25,Action Pending,200000,Unsanctioned
MPLADS-004102,Vincent H Pala,Lok Sabha,Meghalaya,SHILLONG,,,Saipung,Jalaphet Bri-Sutnga,Normal/Others,NA - Development of playfields and sports grounds,DEPUTY COMMISSIONER EAST JAINTIA HILLS KHLIEHRIAT_IDA,2024-01-25,Action Pending,300000,Unsanctioned
MPLADS-004103,Vincent H Pala,Lok Sabha,Meghalaya,SHILLONG,,,Saipung,Jalaphet Bri-Sutnga,Normal/Others,NA - Construction of boundary walls of existing public and community buildings,DEPUTY COMMISSIONER EAST JAINTIA HILLS KHLIEHRIAT_IDA,2024-01-25,Action Pending,300000,Unsanctioned
MPLADS-004104,Vincent H Pala,Lok Sabha,Meghalaya,SHILLONG,Nongpoh,11,,,Normal/Others,NA - Purchase of mobile sanitation equipment,DEPUTY COMMISSIONER RIBHOI NONGPOH_IDA,2024-01-25,Action Pending,1000000,Unsanctioned
MPLADS-004707,Vincent H Pala,Lok Sabha,Meghalaya,SHILLONG,,,Wapung,Sutnga,Normal/Others,NA - Construction of buildings for training institutions,DEPUTY COMMISSIONER EAST JAINTIA HILLS KHLIEHRIAT_IDA,2024-01-24,Action Pending,500000,Unsanctioned
MPLADS-004719,Vincent H Pala,Lok Sabha,Meghalaya,SHILLONG,,,Mawthadraishan,Pariong,Normal/Others,NA - Construction of rooms and halls in school and colleges,DEPUTY COMMISSIONER EASTERN WEST KHASI HILLS MAIRANG_IDA,2024-01-24,Action Pending,200000,Unsanctioned
MPLADS-004804,Vincent H Pala,Lok Sabha,Meghalaya,SHILLONG,,,Mawsynram,Dangar Dombah (Khasi),Normal/Others,NA - Construction of rooms and halls in school and colleges,DEPUTY COMMISSIONER EAST KHASI HILLS_IDA,2024-01-24,Action Pending,300000,Unsanctioned
MPLADS-004805,Vincent H Pala,Lok Sabha,Meghalaya,SHILLONG,,,Sohiong,Pdengshnong Lyngkhoi,Normal/Others,NA - Construction of rooms and halls in school and colleges,DEPUTY COMMISSIONER EAST KHASI HILLS_IDA,2024-01-24,Action Pending,400000,Unsanctioned
MPLADS-004806,Vincent H Pala,Lok Sabha,Meghalaya,SHILLONG,,,Mawphlang,Mawngap Mawkharshiing,Normal/Others,NA - Construction of additional rooms and halls in the existing public and community building,DEPUTY COMMISSIONER EAST KHASI HILLS_IDA,2024-01-24,Action Pending,200000,Unsanctioned
MPLADS-004854,Vincent H Pala,Lok Sabha,Meghalaya,SHILLONG,,,Mawryngkneng,Mawlynrei,Normal/Others,"NA - Construction of roads, link roads, pathways or any other road with or without drainage system",DEPUTY COMMISSIONER EAST KHASI HILLS_IDA,2024-01-24,Action Pending,1500000,Unsanctioned
MPLADS-004855,Vincent H Pala,Lok Sabha,Meghalaya,SHILLONG,,,Saipung,Jalaphet Bri-Sumer,Normal/Others,NA - Construction of buildings for community cultural activities,DEPUTY COMMISSIONER EAST JAINTIA HILLS KHLIEHRIAT_IDA,2024-01-24,Action Pending,700000,Unsanctioned
MPLADS-004856,Vincent H Pala,Lok Sabha,Meghalaya,SHILLONG,Shillong,17,,,Normal/Others,NA - Purchase of immovable sports equipment,DEPUTY COMMISSIONER EAST KHASI HILLS_IDA,2024-01-24,Action Pending,1000000,Unsanctioned
MPLADS-004857,Vincent H Pala,Lok Sabha,Meghalaya,SHILLONG,Shillong,15,,,Normal/Others,NA - Construction of public toilets and bathrooms,DEPUTY COMMISSIONER EAST KHASI HILLS_IDA,2024-01-24,Action Pending,500000,Unsanctioned
MPLADS-004858,Vincent H Pala,Lok Sabha,Meghalaya,SHILLONG,,,Mawpat,Nongthymmai (Ct),Normal/Others,NA - Construction of rainwater harvesting structures,DEPUTY COMMISSIONER EAST KHASI HILLS_IDA,2024-01-24,Action Pending,1000000,Unsanctioned
MPLADS-004859,Vincent H Pala,Lok Sabha,Meghalaya,SHILLONG,,,Laskein,Mynso B,Normal/Others,NA - Development of playground,DEPUTY COMMISSIONER WEST JAINTIA HILLS JOWAI_IDA,2024-01-24,Action Pending,200000,Unsanctioned
MPLADS-004860,Vincent H Pala,Lok Sabha,Meghalaya,SHILLONG,,,Amlarem,Jarain,Normal/Others,NA - Development of playground,DEPUTY COMMISSIONER WEST JAINTIA HILLS JOWAI_IDA,2024-01-24,Action Pending,200000,Unsanctioned
MPLADS-004910,Vincent H Pala,Lok Sabha,Meghalaya,SHILLONG,,,Mawkyrwat,Mawlangwir,Normal/Others,NA - Construction of rooms and halls in school and colleges,DEPUTY COMMISSIONER SOUTH WEST KHASI HILLS MAWKRYWAT_IDA,2024-01-24,Action Pending,200000,Unsanctioned
MPLADS-004918,Vincent H Pala,Lok Sabha,Meghalaya,SHILLONG,,,Saipung,Narwan,Normal/Others,NA - Construction of rooms and halls in school and colleges,DEPUTY COMMISSIONER EAST JAINTIA HILLS KHLIEHRIAT_IDA,2024-01-24,Action Pending,1000000,Unsanctioned
MPLADS-004919,Vincent H Pala,Lok Sabha,Meghalaya,SHILLONG,,,Saipung,Jalaphet Bri-Sutnga,Normal/Others,NA - Construction of rooms and halls in school and colleges,DEPUTY COMMISSIONER EAST JAINTIA HILLS KHLIEHRIAT_IDA,2024-01-24,Action Pending,500000,Unsanctioned
MPLADS-004924,Vincent H Pala,Lok Sabha,Meghalaya,SHILLONG,,,Ranikor,Mawshaliah,Normal/Others,NA - Construction of rooms and halls in school and colleges,DEPUTY COMMISSIONER SOUTH WEST KHASI HILLS MAWKRYWAT_IDA,2024-01-24,Action Pending,200000,Unsanctioned
MPLADS-004930,Vincent H Pala,Lok Sabha,Meghalaya,SHILLONG,,,Ranikor,Domshken,Normal/Others,NA - Construction of community centers and community halls,DEPUTY COMMISSIONER SOUTH WEST KHASI HILLS MAWKRYWAT_IDA,2024-01-24,Action Pending,300000,Unsanctioned
MPLADS-004931,Vincent H Pala,Lok Sabha,Meghalaya,SHILLONG,,,Ranikor,Nongkynbah,Normal/Others,NA - Construction of foot over bridge (FOB),DEPUTY COMMISSIONER SOUTH WEST KHASI HILLS MAWKRYWAT_IDA,2024-01-24,Action Pending,200000,Unsanctioned
MPLADS-004932,Vincent H Pala,Lok Sabha,Meghalaya,SHILLONG,,,Ranikor,Dirang,Normal/Others,NA - Construction of rooms and halls in school and colleges,DEPUTY COMMISSIONER SOUTH WEST KHASI HILLS MAWKRYWAT_IDA,2024-01-24,Action Pending,200000,Unsanctioned
MPLADS-004933,Vincent H Pala,Lok Sabha,Meghalaya,SHILLONG,,,Ranikor,Nongkdait-Nongtwah,Normal/Others,NA - Construction of rooms and halls in school and colleges,DEPUTY COMMISSIONER SOUTH WEST KHASI HILLS MAWKRYWAT_IDA,2024-01-24,Action Pending,200000,Unsanctioned
MPLADS-004935,Vincent H Pala,Lok Sabha,Meghalaya,SHILLONG,,,Ranikor,Wahbamon Dewsaw,Normal/Others,NA - Construction of rooms and halls in school and colleges,DEPUTY COMMISSIONER SOUTH WEST KHASI HILLS MAWKRYWAT_IDA,2024-01-24,Action Pending,200000,Unsanctioned
MPLADS-005005,Vincent H Pala,Lok Sabha,Meghalaya,SHILLONG,,,Umsning,Umsaw Khwan,Normal/Others,NA - Construction of buildings for training institutions,DEPUTY COMMISSIONER RIBHOI NONGPOH_IDA,2024-01-24,Action Pending,2500000,Unsanctioned
MPLADS-006005,SHRI Wanweiroy Kharlukhi,Rajya Sabha,Meghalaya,Sitting Rajya Sabha,,,Mawryngkneng,Mawryngkneng,Normal/Others,NA - Construction of New Building,DEPUTY COMMISSIONER EAST KHASI HILLS_IDA,2024-01-20,Action Pending,1000000,Unsanctioned
MPLADS-006006,SHRI Wanweiroy Kharlukhi,Rajya Sabha,Meghalaya,Sitting Rajya Sabha,,,Sohiong,Marpna,Normal/Others,NA - Construction of additional rooms and halls in the existing public and community building,DEPUTY COMMISSIONER EAST KHASI HILLS_IDA,2024-01-20,Action Pending,1000000,Unsanctioned
MPLADS-006007,SHRI Wanweiroy Kharlukhi,Rajya Sabha,Meghalaya,Sitting Rajya Sabha,,,Shella Bholaganj,Laitryngew,Normal/Others,NA - Construction of rooms and halls in school and colleges,DEPUTY COMMISSIONER EAST KHASI HILLS_IDA,2024-01-20,Action Pending,1000000,Unsanctioned
MPLADS-007079,Vincent H Pala,Lok Sabha,Meghalaya,SHILLONG,,,Saipung,Mynthlu,Normal/Others,NA - Development of playground,DEPUTY COMMISSIONER EAST JAINTIA HILLS KHLIEHRIAT_IDA,2024-01-16,Action Pending,500000,Unsanctioned
MPLADS-007081,Vincent H Pala,Lok Sabha,Meghalaya,SHILLONG,,,Mawpat,Mawpat (Ct),Normal/Others,NA - Construction of rooms and halls in school and colleges,DEPUTY COMMISSIONER EAST KHASI HILLS_IDA,2024-01-16,Action Pending,1000000,Unsanctioned
MPLADS-007082,Vincent H Pala,Lok Sabha,Meghalaya,SHILLONG,,,Mawryngkneng,Mawlynrei,Normal/Others,NA - Construction of rooms and halls in school and colleges,DEPUTY COMMISSIONER EAST KHASI HILLS_IDA,2024-01-16,Action Pending,500000,Unsanctioned
MPLADS-007083,Vincent H Pala,Lok Sabha,Meghalaya,SHILLONG,,,Mawpat,Nongmensong (Ct),Normal/Others,NA - Construction of rooms and halls in school and colleges,DEPUTY COMMISSIONER EAST KHASI HILLS_IDA,2024-01-16,Action Pending,300000,Unsanctioned
MPLADS-007084,Vincent H Pala,Lok Sabha,Meghalaya,SHILLONG,,,Mawryngkneng,Mawlynrei,Normal/Others,NA - Community Toilets,DEPUTY COMMISSIONER EAST KHASI HILLS_IDA,2024-01-16,Action Pending,150000,Unsanctioned
MPLADS-007085,Vincent H Pala,Lok Sabha,Meghalaya,SHILLONG,,,Wapung,Lad Wahwapung,Normal/Others,NA - Construction of community centers and community halls,DEPUTY COMMISSIONER EAST JAINTIA HILLS KHLIEHRIAT_IDA,2024-01-16,Action Pending,300000,Unsanctioned
MPLADS-007086,Vincent H Pala,Lok Sabha,Meghalaya,SHILLONG,,,Wapung,Sutnga,Normal/Others,NA - Construction of boundary walls of existing public and community buildings,DEPUTY COMMISSIONER EAST JAINTIA HILLS KHLIEHRIAT_IDA,2024-01-16,Action Pending,300000,Unsanctioned
MPLADS-007087,Vincent H Pala,Lok Sabha,Meghalaya,SHILLONG,,,Wapung,Lad Rymbai Datsimpein,Normal/Others,NA - Construction of boundary walls of existing public and community buildings,DEPUTY COMMISSIONER EAST JAINTIA HILLS KHLIEHRIAT_IDA,2024-01-16,Action Pending,1000000,Unsanctioned
MPLADS-007088,Vincent H Pala,Lok Sabha,Meghalaya,SHILLONG,,,Saipung,Jalaphet Bri-Sutnga,Normal/Others,NA - Development of playground,DEPUTY COMMISSIONER EAST JAINTIA HILLS KHLIEHRIAT_IDA,2024-01-16,Action Pending,500000,Unsanctioned
MPLADS-007089,Vincent H Pala,Lok Sabha,Meghalaya,SHILLONG,,,Wapung,Dkhiah East,Normal/Others,NA - Development of playground,DEPUTY COMMISSIONER EAST JAINTIA HILLS KHLIEHRIAT_IDA,2024-01-16,Action Pending,150000,Unsanctioned
MPLADS-007090,Vincent H Pala,Lok Sabha,Meghalaya,SHILLONG,,,Saipung,Jalaphet Bri-Sutnga,Normal/Others,NA - Construction of boundary walls of existing public and community buildings,DEPUTY COMMISSIONER EAST JAINTIA HILLS KHLIEHRIAT_IDA,2024-01-16,Action Pending,500000,Unsanctioned
MPLADS-007091,Vincent H Pala,Lok Sabha,Meghalaya,SHILLONG,,,Mawphlang,Mawreng,Normal/Others,NA - Construction of community centers and community halls,DEPUTY COMMISSIONER EAST KHASI HILLS_IDA,2024-01-16,Action Pending,300000,Unsanctioned
MPLADS-007092,Vincent H Pala,Lok Sabha,Meghalaya,SHILLONG,,,Wapung,Pamra Kmai,Normal/Others,NA - Development of playground,DEPUTY COMMISSIONER EAST JAINTIA HILLS KHLIEHRIAT_IDA,2024-01-16,Action Pending,800000,Unsanctioned
MPLADS-007093,Vincent H Pala,Lok Sabha,Meghalaya,SHILLONG,,,Wapung,Byndihati,Normal/Others,NA - Construction of community centers and community halls,DEPUTY COMMISSIONER EAST JAINTIA HILLS KHLIEHRIAT_IDA,2024-01-16,Action Pending,500000,Unsanctioned
MPLADS-007096,Vincent H Pala,Lok Sabha,Meghalaya,SHILLONG,,,Saipung,Bamkhosngi,Normal/Others,NA - Construction of community centers and community halls,DEPUTY COMMISSIONER EAST JAINTIA HILLS KHLIEHRIAT_IDA,2024-01-16,Action Pending,200000,Unsanctioned
MPLADS-007187,Vincent H Pala,Lok Sabha,Meghalaya,SHILLONG,Shillong,Nongkohlew,,,Normal/Others,NA - Construction of community centers and community halls,DEPUTY COMMISSIONER EAST KHASI HILLS_IDA,2024-01-15,Action Pending,300000,Unsanctioned
MPLADS-007188,Vincent H Pala,Lok Sabha,Meghalaya,SHILLONG,Shillong,"Mawtawar, Mawlai",,,Normal/Others,NA - Construction of rooms and halls in school and colleges,DEPUTY COMMISSIONER EAST KHASI HILLS_IDA,2024-01-15,Action Pending,400000,Unsanctioned
MPLADS-007189,Vincent H Pala,Lok Sabha,Meghalaya,SHILLONG,Shillong,Lawjynriew,,,Normal/Others,NA - Construction of water tanks,DEPUTY COMMISSIONER EAST KHASI HILLS_IDA,2024-01-15,Action Pending,1000000,Unsanctioned
MPLADS-007313,SHRI Wanweiroy Kharlukhi,Rajya Sabha,Meghalaya,Sitting Rajya Sabha,,,Saipung,Lelad,Normal/Others,NA - Construction of stadiums,DEPUTY COMMISSIONER EAST JAINTIA HILLS KHLIEHRIAT_IDA,2024-01-14,Action Pending,1000000,Unsanctioned
MPLADS-007314,SHRI Wanweiroy Kharlukhi,Rajya Sabha,Meghalaya,Sitting Rajya Sabha,,,Saipung,Tangnub,Normal/Others,NA - Construction of stadiums,DEPUTY COMMISSIONER EAST JAINTIA HILLS KHLIEHRIAT_IDA,2024-01-14,Action Pending,1000000,Unsanctioned
MPLADS-007315,SHRI Wanweiroy Kharlukhi,Rajya Sabha,Meghalaya,Sitting Rajya Sabha,,,Saipung,Moolamylliang,Normal/Others,NA - Construction of community centers and community halls,DEPUTY COMMISSIONER EAST JAINTIA HILLS KHLIEHRIAT_IDA,2024-01-14,Action Pending,1000000,Unsanctioned
MPLADS-007316,SHRI Wanweiroy Kharlukhi,Rajya Sabha,Meghalaya,Sitting Rajya Sabha,,,Saipung,Moolamylliang,Normal/Others,NA - Lighting of public spaces,DEPUTY COMMISSIONER EAST JAINTIA HILLS KHLIEHRIAT_IDA,2024-01-14,Action Pending,200000,Unsanctioned
MPLADS-007317,SHRI Wanweiroy Kharlukhi,Rajya Sabha,Meghalaya,Sitting Rajya Sabha,Tura Municipal Board,Edenbari,,,Normal/Others,WS/MP128/2023-2024/82015 - Construction of public libraries and reading rooms,DEPUTY COMMISSIONER WEST GARO HILLS_IDA,2024-01-14,Approved by IDA,1000000,Ongoing
MPLADS-007318,SHRI Wanweiroy Kharlukhi,Rajya Sabha,Meghalaya,Sitting Rajya Sabha,Tura Municipal Board,Matchakolgre,,,Normal/Others,NA - Development of playfields and sports grounds,DEPUTY COMMISSIONER WEST GARO HILLS_IDA,2024-01-14,Action Pending,2000000,Unsanctioned
MPLADS-007319,SHRI Wanweiroy Kharlukhi,Rajya Sabha,Meghalaya,Sitting Rajya Sabha,,,Mawkynrew,Khlieh-A-Sem,Normal/Others,NA - Construction of additional rooms and halls in the existing public and community building,DEPUTY COMMISSIONER EAST KHASI HILLS_IDA,2024-01-14,Action Pending,1000000,Unsanctioned
MPLADS-007320,SHRI Wanweiroy Kharlukhi,Rajya Sabha,Meghalaya,Sitting Rajya Sabha,Shillong,Laitumkhrah,,,Normal/Others,NA - Construction of water tanks,DEPUTY COMMISSIONER EAST KHASI HILLS_IDA,2024-01-14,Action Pending,500000,Unsanctioned
MPLADS-007321,SHRI Wanweiroy Kharlukhi,Rajya Sabha,Meghalaya,Sitting Rajya Sabha,Shillong,Nongthymmai,,,Normal/Others,"NA - Construction of roads, link roads, pathways or any other road with or without drainage system",DEPUTY COMMISSIONER EAST KHASI HILLS_IDA,2024-01-14,Action Pending,500000,Unsanctioned
MPLADS-010631,Vincent H Pala,Lok Sabha,Meghalaya,SHILLONG,,,Nongstoin,Nongkhlaw A,Normal/Others,NA - levelling of Playground,DEPUTY COMMISSIONER WEST KHASI HILLS NONGSTOIN_IDA,2024-01-02,Action Pending,2000000,Unsanctioned
MPLADS-010634,Vincent H Pala,Lok Sabha,Meghalaya,SHILLONG,,,Mairang,Nongum,Normal/Others,NA - Construction of Playground of the KJP Synod Sepngi at Nongum Village,DEPUTY COMMISSIONER EASTERN WEST KHASI HILLS MAIRANG_IDA,2024-01-02,Action Pending,1000000,Unsanctioned
MPLADS-015910,SHRI Wanweiroy Kharlukhi,Rajya Sabha,Meghalaya,Sitting Rajya Sabha,,,SAIPUNG,Moolamylliang,Normal/Others,NA - Construction of the Community Hall of the Moolamyliang Village Dorbar.,DEPUTY COMMISSIONER EAST JAINTIA HILLS KHLIEHRIAT_IDA,2023-12-17,Action Pending,1000000,Unsanctioned
MPLADS-015911,SHRI Wanweiroy Kharlukhi,Rajya Sabha,Meghalaya,Sitting Rajya Sabha,,,SAIPUNG,Moolamylliang,Normal/Others,NA - Purchase and installation of Solar Street Light at Moolamyliang Village,DEPUTY COMMISSIONER EAST JAINTIA HILLS KHLIEHRIAT_IDA,2023-12-17,Action Pending,200000,Unsanctioned
